,Episode,Unnamed: 1,1,2,3,4,5,6,7,8,9,10,11,12,13,14
0,Pilot,Cast,Steve Carell,Rainn Wilson,John Krasinski,Jenna Fischer,B.J. Novak,Melora Hardin,David Denman,Leslie David Baker,Brian Baumgartner,Angela Kinsey,Henriette Mantel,Mike McCaul,Oscar Nuñez,Phyllis Smith
1,Pilot,Characters,Michael Scott,Dwight Schrute,Jim Halpert,Pam Beesly,Ryan Howard,Jan Levinson-Gould,Roy Anderson,Stanley Hudson,Kevin Malone,Angela Martin,Office Worker,Office Worker,Oscar Martinez,Phyllis Lapin
2,Pilot,Screen Time,0:00,0:00,0:00,0:00,0:00,0:00,0:00,0:00,0:00,0:00,0:00,0:00,0:00,0:00
3,Diversity Day,Cast,Steve Carell,Rainn Wilson,John Krasinski,Jenna Fischer,B.J. Novak,Larry Wilmore,Leslie David Baker,Brian Baumgartner,Kate Flannery,Mindy Kaling,Paul Lieberstein,Angela Kinsey,Oscar Nuñez,Phyllis Smith
4,Diversity Day,Characters,Michael Scott,Dwight Schrute,Jim Halpert,Pam Beesly,Ryan Howard,Mr. Brown,Stanley Hudson,Kevin Malone,Meredith Palmer,Kelly Kapoor,Toby Flenderson,Angela Martin,Oscar Martinez,Phyllis Lapin
5,Diversity Day,Screen Time,0:00,0:00,0:00,0:00,0:00,0:00,0:00,0:00,0:00,0:00,0:00,0:00,0:00,0:00
6,Health Care,Cast,Steve Carell,Rainn Wilson,John Krasinski,Jenna Fischer,B.J. Novak,Melora Hardin,Leslie David Baker,Brian Baumgartner,Kate Flannery,Charlie Hartsock,Mindy Kaling,Angela Kinsey,Paul Lieberstein,Oscar Nuñez
7,Health Care,Characters,Michael Scott,Dwight Schrute,Jim Halpert,Pam Beesly,Ryan Howard,Jan Levinson-Gould,Stanley Hudson,Kevin Malone,Meredith Palmer,Travel Agent,Kelly Kapoor,Angela Martin,Toby Flenderson,Oscar Martinez
8,Health Care,Screen Time,0:00,0:00,0:00,0:00,0:00,0:00,0:00,0:00,0:00,0:00,0:00,0:00,0:00,0:00
9,The Alliance,Cast,Steve Carell,Rainn Wilson,John Krasinski,Jenna Fischer,B.J. Novak,David Denman,Craig Robinson,Leslie David Baker,Brian Baumgartner,Kate Flannery,Paul Lieberstein,Angela Kinsey,Oscar Nuñez,Phyllis Smith
10,The Alliance,Characters,Michael Scott,Dwight Schrute,Jim Halpert,Pam Beesly,Ryan Howard,Roy Anderson,Darryl Philbin,Stanley Hudson,Kevin Malone,Meredith Palmer,Toby Flenderson,Angela Martin,Oscar Martinez,Phyllis Lapin
11,The Alliance,Screen Time,0:00,0:00,0:00,0:00,0:00,0:00,0:00,0:00,0:00,0:00,0:00,0:00,0:00,0:00
12,Basketball,Cast,Steve Carell,Rainn Wilson,John Krasinski,Jenna Fischer,B.J. Novak,David Denman,Craig Robinson,Patrice O'Neal,Leslie David Baker,Brian Baumgartner,Matt DeCaro,Kate Flannery,Angela Kinsey,Oscar Nuñez
13,Basketball,Characters,Michael Scott,Dwight Schrute,Jim Halpert,Pam Beesly,Ryan Howard,Roy Anderson,Darryl Philbin,Lonny,Stanley Hudson,Kevin Malone,Jerry,Meredith Palmer,Angela Martin,Oscar Martinez
14,Basketball,Screen Time,0:00,0:00,0:00,0:00,0:00,0:00,0:00,0:00,0:00,0:00,0:00,0:00,0:00,0:00
15,Hot Girl,Cast,Steve Carell,Rainn Wilson,John Krasinski,Jenna Fischer,B.J. Novak,Amy Adams,Melora Hardin,David Denman,Leslie David Baker,Brian Baumgartner,Kate Flannery,Paul Lieberstein,Angela Kinsey,Oscar Nuñez
16,Hot Girl,Characters,Michael Scott,Dwight Schrute,Jim Halpert,Pam Beesly,Ryan Howard,Katy,Jan Levinson-Gould,Roy Anderson,Stanley Hudson,Kevin Malone,Meredith Palmer,Toby Flenderson,Angela Martin,Oscar Martinez
17,Hot Girl,Screen Time,0:00,0:00,0:00,0:00,0:00,0:00,0:00,0:00,0:00,0:00,0:00,0:00,0:00,0:00
