Episode,Unnamed: 1,1,2,3,4,5,6,7,8,9,10,11,12,13,14
Pilot,Cast,Steve Carell,Rainn Wilson,John Krasinski,Jenna Fischer,B.J. Novak,Melora Hardin,David Denman,Leslie David Baker,Brian Baumgartner,Angela Kinsey,Henriette Mantel,Mike McCaul,Oscar Nuñez,Phyllis Smith
Pilot,Characters,Michael Scott,Dwight Schrute,Jim Halpert,Pam Beesly,Ryan Howard,Jan Levinson-Gould,Roy Anderson,Stanley Hudson,Kevin Malone,Angela Martin,Office Worker,Office Worker,Oscar Martinez,Phyllis Lapin
Pilot,Screen Time,8:06,2:58,2:00,3:12,0:37,0:49,0:44,0:03,0:13,0:08,0:00,0:00,0:09,0:10
Diversity Day,Cast,Steve Carell,Rainn Wilson,John Krasinski,Jenna Fischer,B.J. Novak,Larry Wilmore,Leslie David Baker,Brian Baumgartner,Kate Flannery,Mindy Kaling,Paul Lieberstein,Angela Kinsey,Oscar Nuñez,Phyllis Smith
Diversity Day,Characters,Michael Scott,Dwight Schrute,Jim Halpert,Pam Beesly,Ryan Howard,Mr. Brown,Stanley Hudson,Kevin Malone,Meredith Palmer,Kelly Kapoor,Toby Flenderson,Angela Martin,Oscar Martinez,Phyllis Lapin
Diversity Day,Screen Time,6:43,1:31,2:03,0:42,0:25,0:00,0:41,1:19,0:08,0:36,0:09,0:45,1:06,0:20
Health Care,Cast,Steve Carell,Rainn Wilson,John Krasinski,Jenna Fischer,B.J. Novak,Melora Hardin,Leslie David Baker,Brian Baumgartner,Kate Flannery,Charlie Hartsock,Mindy Kaling,Angela Kinsey,Paul Lieberstein,Oscar Nuñez
Health Care,Characters,Michael Scott,Dwight Schrute,Jim Halpert,Pam Beesly,Ryan Howard,Jan Levinson-Gould,Stanley Hudson,Kevin Malone,Meredith Palmer,Travel Agent,Kelly Kapoor,Angela Martin,Toby Flenderson,Oscar Martinez
Health Care,Screen Time,4:24,4:05,1:10,1:50,0:09,0:18,0:21,1:08,0:23,0:00,0:00,0:37,0:18,0:42
The Alliance,Cast,Steve Carell,Rainn Wilson,John Krasinski,Jenna Fischer,B.J. Novak,David Denman,Craig Robinson,Leslie David Baker,Brian Baumgartner,Kate Flannery,Paul Lieberstein,Angela Kinsey,Oscar Nuñez,Phyllis Smith
The Alliance,Characters,Michael Scott,Dwight Schrute,Jim Halpert,Pam Beesly,Ryan Howard,Roy Anderson,Darryl Philbin,Stanley Hudson,Kevin Malone,Meredith Palmer,Toby Flenderson,Angela Martin,Oscar Martinez,Phyllis Lapin
The Alliance,Screen Time,5:13,2:37,1:10,1:32,0:16,0:01,0:01,0:15,0:30,1:17,0:18,0:35,1:10,1:26
Basketball,Cast,Steve Carell,Rainn Wilson,John Krasinski,Jenna Fischer,B.J. Novak,David Denman,Craig Robinson,Patrice O'Neal,Leslie David Baker,Brian Baumgartner,Matt DeCaro,Kate Flannery,Angela Kinsey,Oscar Nuñez
Basketball,Characters,Michael Scott,Dwight Schrute,Jim Halpert,Pam Beesly,Ryan Howard,Roy Anderson,Darryl Philbin,Lonny,Stanley Hudson,Kevin Malone,Jerry,Meredith Palmer,Angela Martin,Oscar Martinez
Basketball,Screen Time,4:17,1:02,1:25,1:44,1:07,0:42,0:50,0:24,0:38,0:46,0:00,0:13,0:15,0:21
Hot Girl,Cast,Steve Carell,Rainn Wilson,John Krasinski,Jenna Fischer,B.J. Novak,Amy Adams,Melora Hardin,David Denman,Leslie David Baker,Brian Baumgartner,Kate Flannery,Paul Lieberstein,Angela Kinsey,Oscar Nuñez
Hot Girl,Characters,Michael Scott,Dwight Schrute,Jim Halpert,Pam Beesly,Ryan Howard,Katy,Jan Levinson-Gould,Roy Anderson,Stanley Hudson,Kevin Malone,Meredith Palmer,Toby Flenderson,Angela Martin,Oscar Martinez
Hot Girl,Screen Time,6:17,2:37,1:03,2:16,0:20,1:36,0:00,0:09,0:05,0:12,0:03,0:09,0:01,0:02
